Query,Label
What are my pending expense reports?,Your pending expense reports
Show me my pending expense reports.,Your pending expense reports
Do I have any pending expense reports?,Your pending expense reports
List my pending expense reports.,Your pending expense reports
Any pending expense reports for me?,Your pending expense reports
Check my pending expense reports.,Your pending expense reports
What expense reports are still pending?,Your pending expense reports
How many expense reports are pending for me?,Your pending expense reports
Pending expense reports for my account?,Your pending expense reports
Display my pending expense reports.,Your pending expense reports
View my pending expense reports.,Your pending expense reports
Do I have any unsubmitted expense reports?,Your pending expense reports
Any expense reports pending submission?,Your pending expense reports
Pending expense reports status.,Your pending expense reports
Get my pending expense reports.,Your pending expense reports
Find my pending expense reports.,Your pending expense reports
Pending reports for expenses.,Your pending expense reports
What is the status of my pending expense reports?,Your pending expense reports
Can you show my pending expense reports?,Your pending expense reports
Show the list of my pending expense reports.,Your pending expense reports
How many expense reports do I have pending?,Your pending expense reports
Tell me about my pending expense reports.,Your pending expense reports
Review my pending expense reports.,Your pending expense reports
List of my pending expense reports.,Your pending expense reports
Check the pending expense reports for me.,Your pending expense reports
My pending expense reports details.,Your pending expense reports
Expense reports still pending.,Your pending expense reports
Any of my expense reports still pending?,Your pending expense reports
What pending expense reports do I have?,Your pending expense reports
Can I see my pending expense reports?,Your pending expense reports
Pending expense reports list for me.,Your pending expense reports
What expense reports are awaiting approval?,Your pending expense reports
Do I have any expense reports pending approval?,Your pending expense reports
Show my expense reports pending manager approval.,Your pending expense reports
Which of my expense reports are still pending approval?,Your pending expense reports
List my pending approval expense reports.,Your pending expense reports
Are there any of my reports waiting for approval?,Your pending expense reports
Check the status of my pending expense reports.,Your pending expense reports
Show me the expense reports awaiting approval.,Your pending expense reports
What are the expense reports still not approved?,Your pending expense reports
Pending approval expense reports in my account?,Your pending expense reports
Do I have any reports pending approval?,Your pending expense reports
Display my expense reports pending approval.,Your pending expense reports
Which expense reports are waiting for approval?,Your pending expense reports
Any of my expense reports awaiting approval?,Your pending expense reports
Are there any expense reports I submitted which are pending for approval?,Your pending expense reports
Which reports are awaiting manager's approval?,Your pending expense reports
What are my expense reports waiting for approval?,Your pending expense reports
List the expense reports awaiting approval.,Your pending expense reports
Are any of my expense reports still not approved?,Your pending expense reports
Any expense reports pending approval from my manager?,Your pending expense reports
Check for expense reports awaiting approval.,Your pending expense reports
Show my unapproved expense reports.,Your pending expense reports
What are the expense reports still awaiting approval?,Your pending expense reports
Show my reports that need approval,Your pending expense reports
show my reports needing approval,Your pending expense reports
Which expense reports have not been approved yet by my manager?,Your pending expense reports
Do I have any expense reports which are unapproved?,Your pending expense reports
Show pending approval reports.,Your pending expense reports
List expense reports awaiting approval from my manager.,Your pending expense reports
Are there any reports still pending approval?,Your pending expense reports
Which of my expense reports are not approved yet?,Your pending expense reports
Show reports pending manager's approval for me.,Your pending expense reports
Do I have any reports still not approved?,Your pending expense reports
Pending approval expense reports overview.,Your pending expense reports
What reports are awaiting approval from my manager?,Your pending expense reports
List all unapproved expense reports.,Your pending expense reports
Which of my expense reports are awaiting approval yet?,Your pending expense reports
my reports needing approval,Your pending expense reports
Show me the reports awaiting approval.,Your pending expense reports
Which reports have not been approved yet?,Your pending expense reports
Pending approval status for my expense reports?,Your pending expense reports
Which expense reports are awaiting manager's approval?,Your pending expense reports
What are the expense reports pending approval?,Your pending expense reports
Do I have any unapproved reports?,Your pending expense reports
Do I have any reports still awaiting approval?,Your pending expense reports
Do I have any unapproved expense reports pendin?,Your pending expense reports
Show the status of my expense reports awaiting approval.,Your pending expense reports
Any expense reports I submitted still waiting for approval?,Your pending expense reports
Which reports are not yet approved?,Your pending expense reports
List my expense reports that are awaiting approval.,Your pending expense reports
Are there any reports I submitted that are pending?,Your pending expense reports
What submitted reports are still not approved?,Your pending expense reports
Which of my submitted reports are waiting for approval?,Your pending expense reports
What are the reports still not approved by my manager?,Your pending expense reports
Are there any of my reports pending?,Your pending expense reports
Do I have any pending approval expense reports?,Your pending expense reports
Which expense reports have not been approved yet?,Your pending expense reports
Do I have any unapproved expense reports?,Your pending expense reports
Pending approval for my expense reports?,Your pending expense reports
List expense reports awaiting approval.,Your pending expense reports
List all unapproved expense reports of mine.,Your pending expense reports
Any pending expense reports in my account?,Your pending expense reports
Which of my expense reports are awaiting approval?,Your pending expense reports
"List my expense reports that are not approved.
",Your pending expense reports
"Are there any unapproved expense reports?
",Your pending expense reports
"Show all expense reports pending for my account.
",Your pending expense reports
"Any of my expense reports still waiting for approval?
",Your pending expense reports
"Show the status of my pending expense reports.
",Your pending expense reports
Are any reports in pending for my account?,Your pending expense reports
"Which of my reports are still waiting for approval?
",Your pending expense reports
"Which expense reports are still not approved?
",Your pending expense reports
"What are my unapproved expense reports?
",Your pending expense reports
Do I have any unapproved expense reports?,Your pending expense reports
Show the reports that have not been approved yet.,Your pending expense reports
Are my expense reports pending?,Your pending expense reports
What expense reports are waiting for approval?,Your pending expense reports
Which expense reports have not been approved?,Your pending expense reports
Can you show me my unapproved expense reports?,Your pending expense reports
Are there expense reports that haven't been approved?,Your pending expense reports
Any of my expense reports need approval?,Your pending expense reports
Which expense reports are still pending?,Your pending expense reports
Can you list my unapproved reports?,Your pending expense reports
What are the unapproved expense reports?,Your pending expense reports
Are there reports I submitted that are pending?,Your pending expense reports
Are any of my reports still unapproved?,Your pending expense reports
What are the reports that are pending?,Your pending expense reports
Show the reports that need approval.,Your pending expense reports
Which of my reports haven't been approved?,Your pending expense reports
List my expense reports waiting for approval.,Your pending expense reports
Which expense reports are still unapproved?,Your pending expense reports
What reports need to be approved?,Your pending expense reports
Show me the reports that are awaiting approval.,Your pending expense reports
Which expense reports need approval?,Your pending expense reports
What reports are still awaiting approval?,Your pending expense reports
Can I see the reports that are pending?,Your pending expense reports
What are my pending approval reports?,Your pending expense reports
List the reports that are unapproved.,Your pending expense reports
What reports have not been approved yet?,Your pending expense reports
Which of my expense reports are still not approved?,Your pending expense reports
Show my reports that needs approval,Your pending expense reports
What reports are still pending?,Your pending expense reports
"Which of my reports are unapproved?
",Your pending expense reports
What are the reports that need approval?,Your pending expense reports
"Are there any reports still not approved?
",Your pending expense reports
"Can you list my pending reports?
",Your pending expense reports
Are any of my reports still pending?,Your pending expense reports
What expense reports have not been approved?,Your pending expense reports
Are my expense reports still unapproved?,Your pending expense reports
Are there any reports awaiting approval?,Your pending expense reports
Which of my reports have not been approved?,Your pending expense reports
Can you show me my pending reports?,Your pending expense reports
What are the reports that are unapproved?,Your pending expense reports
Show the expense reports that need approval.,Your pending expense reports
Which of my expense reports are still pending?,Your pending expense reports
What reports are not yet approved?,Your pending expense reports
What are the reports that are still pending?,Your pending expense reports
Can you list the pending expense reports?,Your pending expense reports
Retrieve all the expense reports which are submitted but not yet approved,Your pending expense reports
Which of my expense reports are still awaiting approval?,Your pending expense reports
Are my reports still unapproved?,Your pending expense reports
What reports have not yet been approved?,Your pending expense reports
What reports are still unapproved?,Your pending expense reports
List my pending expense documentation.,Your pending expense reports
Show me my pending expense claims.,Your pending expense reports
Which expenses are still awaiting processing?,Your pending expense reports
Display the reports pending final approval.,Your pending expense reports
Show me the unresolved expense reports.,Your pending expense reports
Can I see my outstanding expense claims?,Your pending expense reports
Do I have any claims yet to be cleared?,Your pending expense reports
Which expenses are pending confirmation?,Your pending expense reports
Can I view the pending claims for review?,Your pending expense reports
Show me the pending financial reimbursements.,Your pending expense reports
Show the pending verification of expenses.,Your pending expense reports
Which reimbursements are still pending?,Your pending expense reports
Can you display the pending expense verifications?,Your pending expense reports
Show the outstanding expense reports.,Your pending expense reports
Can you show me the pending expense audits?,Your pending expense reports
Are there any pending expense submissions?,Your pending expense reports
What expense reports are still under consideration?,Your pending expense reports
Do I have any expenses yet to be processed?,Your pending expense reports
List the pending claims needing final approval.,Your pending expense reports
What expenses are still in the approval process?,Your pending expense reports
Show me the expense claims awaiting processing.,Your pending expense reports
Can you display the pending expense audits?,Your pending expense reports
List my expense reports waiting for clearance.,Your pending expense reports
Can you show the pending expense validations?,Your pending expense reports
Are there any pending expense adjustments?,Your pending expense reports
Can you display the pending expense claims?,Your pending expense reports
List my pending expense audits.,Your pending expense reports
Display the pending expense forms.,Your pending expense reports
Display the pending expense clarifications.,Your pending expense reports
List my pending expense adjustments.,Your pending expense reports
Show me the expense claims awaiting final approval.,Your pending expense reports
Display the pending expense reconciliations.,Your pending expense reports
What are my pending expense evaluations?,Your pending expense reports
Are there any pending expense clarifications?,Your pending expense reports
Can you display the pending expense validations?,Your pending expense reports
Show me the expense claims for clearance.,Your pending expense reports
What are my pending expense forms?,Your pending expense reports
Are my expense submissions still pending?,Your pending expense reports
Can you display my outstanding expense reviews?,Your pending expense reports
What expenses are awaiting processing?,Your pending expense reports
Display the pending expense submissions.,Your pending expense reports
What are my unapproved expense forms?,Your pending expense reports
Are there any pending financial reimbursements?,Your pending expense reports
List my expense reports awaiting action.,Your pending expense reports
What are my pending expense audits?,Your pending expense reports
Can you display the pending expense adjustments?,Your pending expense reports
Are there any pending expense reconciliations?,Your pending expense reports
Can you show the pending expense evaluations?,Your pending expense reports
List my unresolved expense submissions.,Your pending expense reports
Can you display the pending financial claims?,Your pending expense reports
Are there any pending expense claims for processing?,Your pending expense reports
List my expense reports needing final review.,Your pending expense reports
Show the pending expense reviews awaiting verification.,Your pending expense reports
Display the pending expense verifications for clearance.,Your pending expense reports
Display the pending expense evaluations for verification.,Your pending expense reports
"Are there any pending expense reconciliations for review?
",Your pending expense reports
"Can you display the pending expense audits for resolution?
",Your pending expense reports
Display the pending expense requests for resolution.,Your pending expense reports
Show the pending expense audits for verification.,Your pending expense reports
Can you display the pending expense adjustments for approval?,Your pending expense reports
Display the pending expense adjustments for approval.,Your pending expense reports
Can you show the pending expense clarifications for action?,Your pending expense reports
Show the pending expense claims for approval.,Your pending expense reports
List my unresolved expense reconciliations.,Your pending expense reports
Can you show the pending expense submissions for action?,Your pending expense reports
Show the pending expense adjustments for processing.,Your pending expense reports
Show the pending expense verifications for action.,Your pending expense reports
Can you display the pending expense validations for verification?,Your pending expense reports
Give me the pending expense reports,Your pending expense reports
Show me my pending expense reports ,Your pending expense reports
"Display pending expense reports not yet accepted for resolution.
",Your pending expense reports
Show expense reports not yet accepted by the manager.,Your pending expense reports
Display pending expense reports not yet accepted by the manager.,Your pending expense reports
Show expense reports not yet processed.,Your pending expense reports
What expenses are not yet passed by the manager?,Your pending expense reports
What expense reports are not yet approved?,Your pending expense reports
Display pending expenses not yet processed.,Your pending expense reports
Display pending expenses not yet accepted.,Your pending expense reports
Show pending expenses yet to be accepted.,Your pending expense reports
List expense reports yet to be accepted.,Your pending expense reports
Show expense claims not yet passed.,Your pending expense reports
Display expenses that are yet to accept.,Your pending expense reports
What expense reports are not yet passed?,Your pending expense reports
Show me expense reports not yet accepted.,Your pending expense reports
"List expenses not yet approved by the reviewer.
",Your pending expense reports
"What expense submissions are not yet accepted for processing?
",Your pending expense reports
"List expenses not yet accepted for resolution.
",Your pending expense reports
"Display expenses not accepted for action.
",Your pending expense reports
"What expense claims are not yet accepted for review?
",Your pending expense reports
"List expenses not yet accepted for verification.
",Your pending expense reports
"Display pending expense reports not yet accepted for processing.
",Your pending expense reports
What expense reports are not yet accepted for clearance?,Your pending expense reports
Show expense claims not yet processed by the system.,Your pending expense reports
Display expenses not accepted for processing.,Your pending expense reports
List expenses not yet accepted for clearance.,Your pending expense reports
What expense claims are not yet accepted by the reviewer?,Your pending expense reports
pending expense reports,Your pending expense reports
Give pending expense reports,Your pending expense reports
what are the expense reports still pending?,Your pending expense reports
what are the reports pending?,Your pending expense reports
what are the expense report pending?,Your pending expense reports
Give me the reports that are pending.,Your pending expense reports
pending reports,Your pending expense reports
Can you give me the reports that are pending?,Your pending expense reports
Give all the expense reports which are yet to be approved,Your pending expense reports
Display my expenses that are still in the pending.,Your pending expense reports
Show me the expenses that haven't been accepted yet.,Your pending expense reports
retrieve the pending expense reports,Your pending expense reports
my reports - pending,Your pending expense reports
give pending report,Your pending expense reports
Show pending reports,Your pending expense reports
are there any pendings ,Your pending expense reports
expense reports - not approved,Your pending expense reports
send pending reports,Your pending expense reports
pending reports history,Your pending expense reports
Need unapproved reports,Your pending expense reports
You show pending report?,Your pending expense reports
Can show pending expense reports?,Your pending expense reports
Get pending report now.,Your pending expense reports
your pending expense reports,Your pending expense reports
"hey, can you send me the pending expense report?",Your pending expense reports
The expenses in suspension.,Your pending expense reports
The reports pending,Your pending expense reports
waiting reports,Your pending expense reports
implemented reports,Your pending expense reports
reports to be processed,Your pending expense reports
"reports in expectation,",Your pending expense reports
expected reports,Your pending expense reports
report on waiting,Your pending expense reports
reports awaiting,Your pending expense reports
unconfirmed reports,Your pending expense reports
unaccepted reports,Your pending expense reports
reports not processed still,Your pending expense reports
Is my report in a state of waiting?,Your pending expense reports
Your pending fee report,Your pending expense reports
Non-accepted reports,Your pending expense reports
pending cost reports,Your pending expense reports
Reserving Report,Your pending expense reports
Reservation expenses report.,Your pending expense reports
Your pending expense statements,Your pending expense reports
outstanding reports,Your pending expense reports
Reports still not being considered,Your pending expense reports
your pending expenditure reports,Your pending expense reports
Waiting overviews,Your pending expense reports
my unfinished overviews,Your pending expense reports
overviews still unprocessed,Your pending expense reports
unaccepted overviews,Your pending expense reports
Report on Reservation,Your pending expense reports
My holdup report,Your pending expense reports
Unsanctioned Report,Your pending expense reports
Unhandled Report,Your pending expense reports
reports requiring my consent,Your pending expense reports
Retrieve reports needing approval.,Approvals
List reports that need approval.,Approvals
Get reports that require approval.,Approvals
Display reports needing approval.,Approvals
Find reports awaiting approval.,Approvals
Can you show reports needing approval?,Approvals
Which reports need approval?,Approvals
Retrieve the reports I need to approve.,Approvals
Show the reports needing my approval.,Approvals
List the reports I need to approve.,Approvals
Get the reports that require my approval.,Approvals
Find the reports awaiting my approval.,Approvals
Can you show all the reports needing my approval?,Approvals
Fetch the reports awaiting my approval.,Approvals
List my approval-required reports.,Approvals
Get my approval-needed reports.,Approvals
Display my approval-awaiting reports.,Approvals
Can you show my approval-needed reports?,Approvals
Fetch my approval-required reports.,Approvals
Retrieve the reports needing my approval.,Approvals
Show the reports awaiting my approval.,Approvals
List the reports that need my approval.,Approvals
Get the reports requiring my approval.,Approvals
Bring up the reports awaiting my approval.,Approvals
Display the reports that need my approval.,Approvals
Find the reports needing my approval.,Approvals
Can you show the reports requiring my approval?,Approvals
Which of reports require my approval?,Approvals
Fetch the reports that need my approval.,Approvals
Retrieve reports in pending for my approval.,Approvals
Show reports that require my approval.,Approvals
Find my approval-needed reports.,Approvals
Get the reports needing my approval.,Approvals
Bring up the reports requiring my approval.,Approvals
Display the reports I need to approve.,Approvals
Can you show the reports I need to approve?,Approvals
Retrieve the reports requiring my approval.,Approvals
Get the reports awaiting my approval.,Approvals
Bring up the reports I need to approve.,Approvals
Display the reports requiring my approval.,Approvals
Find the reports I need to approve.,Approvals
Show the reports I need to approve.,Approvals
Get the reports I need to approve.,Approvals
Find the reports requiring my approval.,Approvals
Display the reports that require my approval.,Approvals
Find the expense reports awaiting my approval.,Approvals
Can you show the reports that need my approval?,Approvals
Fetch the expense reports awaiting my approval.,Approvals
Retrieve the reports that need my approval.,Approvals
Get the reports that need my approval.,Approvals
Can you show the expense reports needing my approval?,Approvals
Which reports need my approval?,Approvals
Retrieve the expense reports needing my approval.,Approvals
Show the reports that are pending my approval.,Approvals
List the expense reports needing my approval.,Approvals
Get the expense reports requiring my approval.,Approvals
Bring up the pending reports needing my approval.,Approvals
Display the pending reports requiring my approval.,Approvals
Show the expense reports that need my approval.,Approvals
List the reports requiring my approval.,Approvals
Get the expense reports awaiting my approval.,Approvals
Bring up the expense reports requiring my approval.,Approvals
Display the expense reports that need my approval.,Approvals
Can you show the reports awaiting my approval?,Approvals
Fetch the reports requiring my approval.,Approvals
Show the pending reports awaiting my approval.,Approvals
List the expense reports that need approval.,Approvals
Get the reports needing approval.,Approvals
Display the reports awaiting my approval.,Approvals
Find the expense reports needing my approval.,Approvals
List the pending expense reports requiring approval.,Approvals
Get the expense reports that need approval.,Approvals
Display the expense reports requiring my approval.,Approvals
Find the pending expense reports needing approval.,Approvals
Can you show the pending expense reports needing my approval?,Approvals
Fetch the reports needing approval.,Approvals
Retrieve the reports requiring approval.,Approvals
Show the pending reports that need approval.,Approvals
List the pending reports that need my approval.,Approvals
Get the reports awaiting approval.,Approvals
Bring up the reports that need my approval.,Approvals
Display the expense reports pending approval.,Approvals
Find the reports requiring approval.,Approvals
Can you show the reports needing approval?,Approvals
Retrieve the pending reports needing approval.,Approvals
Show the reports that are awaiting my approval.,Approvals
Get the pending reports awaiting my approval.,Approvals
Bring up the reports needing approval.,Approvals
Display the reports awaiting approval.,Approvals
Find the pending reports needing my approval.,Approvals
List the reports that are awaiting my approval.,Approvals
Display the reports requiring approval.,Approvals
Find the pending expense reports that need approval.,Approvals
Can you show the reports awaiting approval?,Approvals
Which expense reports need my approval?,Approvals
Fetch the pending reports requiring my approval.,Approvals
Retrieve the reports awaiting approval.,Approvals
Show the expense reports needing approval.,Approvals
List the reports awaiting my approval.,Approvals
Get the reports pending my approval.,Approvals
Display the expense reports that need approval.,Approvals
Find the reports needing approval.,Approvals
Approvals ,Approvals
Which expense reports are awaiting my approval?,Approvals
Fetch my approval-required expense reports.,Approvals
reports awaiting my approval,Approvals
Reports requring my approval,Approvals
Reports needing my approval,Approvals
Which reports of mine are awaiting approval?,Approvals
Fetch the approval-required reports.,Approvals
Retrieve the expense reports requiring my approval.,Approvals
Approval-Required Reports,Approvals
List the reports awaiting approval.,Approvals
Get the approval-needed reports,Approvals
Bring up the reports needing my approval.,Approvals
Display the expense reports awaiting my approval.,Approvals
Expense reports awaiting my approval ,Approvals
Find the reports that need approval.,Approvals
Reports that need approval,Approvals
Reports submitted for my approval,Approvals
Reports requirng my approval,Approvals
Reports needing approval.,Approvals
Reports for approval,Approvals
List my approvals.,Approvals
Find reports awaiting my review and approval.,Approvals
My approval queue.,Approvals
Retrieve approvals.,Approvals
Expense approval list.,Approvals
Approval-required reports.,Approvals
Show my approvals.,Approvals
Find my approvals.,Approvals
List needing approval.,Approvals
Bring up approvals.,Approvals
Reports to approve.,Approvals
Pending approval items.,Approvals
Approval awaiting.,Approvals
Retrieve my approvals.,Approvals
Pending approval queue.,Approvals
Show approval list.,Approvals
Approval reports.,Approvals
Get approvals.,Approvals
My approval items.,Approvals
Reports to review and approve,Approvals
Approval-needed reports.,Approvals
Fetch approvals.,Approvals
Display approvals.,Approvals
My expense approvals.,Approvals
Show approval items.,Approvals
Get approval list.,Approvals
Expense approvals.,Approvals
Are there reports I need to approve?,Approvals
Which expense reports await my approval?,Approvals
Fetch the reports in my approval queue.,Approvals
Retrieve expense reports for my approval.,Approvals
Can you list my approval tasks?,Approvals
Show all reports needing my review.,Approvals
Find reports that need my sign-off.,Approvals
Bring up reports requiring my review.,Approvals
List the tasks awaiting my approval.,Approvals
Get the reports I need to review.,Approvals
Fetch the tasks needing my approval.,Approvals
Which reports are awaiting my review?,Approvals
Show the approval queue with my tasks.,Approvals
Bring up the items awaiting my approval.,Approvals
Display reports needing my review.,Approvals
Which tasks require my approval?,Approvals
Fetch the items in my approval queue.,Approvals
Retrieve my pending sign-off tasks.,Approvals
Show all pending approval items.,Approvals
Find tasks requiring my approval.,Approvals
Bring up pending approval tasks.,Approvals
Display the reports awaiting my review.,Approvals
Get the tasks I need to approve.,Approvals
Show reports requiring my review.,Approvals
Bring up the tasks requiring my approval.,Approvals
List items awaiting my sign-off.,Approvals
Get reports needing my review.,Approvals
Retrieve the tasks awaiting my approval.,Approvals
Show pending approvals.,Approvals
Find tasks needing my approval.,Approvals
List items for my approval.,Approvals
Expense for my approval,Approvals
Display items awaiting my sign-off.,Approvals
Get reports to approve.,Approvals
Show expenses needing approval.,Approvals
Retrieve items awaiting approval.,Approvals
Get reports requiring my sign-off.,Approvals
Show items needing my approval.,Approvals
List tasks awaiting my  approval,Approvals
Retrieve pending sign-offs.,Approvals
Display reports for my approval.,Approvals
 Show tasks for my sign-off.,Approvals
Find reports awaiting my approval.,Approvals
Display approvals for me.,Approvals
Get pending expense reports for approval.,Approvals
Find tasks for my approval.,Approvals
Retrieve reports awaiting my approval,Approvals
Display pending approval expense reports ,Approvals
Get tasks needing my approval.,Approvals
List tasks awaiting my approval.,Approvals
Retrieve pending approval reports.,Approvals
Display expense reports requiring my approval.,Approvals
Get reports for my approval.,Approvals
Find expense reports requiring approval.,Approvals
List pending approval reports.,Approvals
Display pending expense reports for approval.,Approvals
Display expense reports needing approval.,Approvals
reports for my approval.,Approvals
Retrieve tasks for my review and approval.,Approvals
Show pending approval and sign-off reports.,Approvals
Reports requiring my approval.,Approvals
My approvals,Approvals
Expense reports submitted for my approval,Approvals
Reports waiting for my approval,Approvals
Expense reports under my approval,Approvals
Reports under my approval,Approvals
pending approval items for my tasks.,Approvals
Expense Reports needing my approval,Approvals
Reports under my approvals,Approvals
Get reports needing my review and approval.,Approvals
Display expenses for my sign-off approval.,Approvals
List expenses needing my approval.,Approvals
Get pending approval expenses.,Approvals
Get pending approval expense reports.,Approvals
Retrieve expenses awaiting my approval.,Approvals
Retrieve reports awaiting my approval.,Approvals
List expenses requiring my approval.,Approvals
List reports requiring my approval.,Approvals
show reports under my approval,Approvals
List items requiring my review and approval.,Approvals
Find approvals awaiting my review.,Approvals
My review and approval,Approvals
Get expenses for my approval.,Approvals
List items for my approval and review.,Approvals
Retrieve expense reports needing my approval.,Approvals
List expense reports I must approve,Approvals
List approvals I must handle.,Approvals
Show approvals awaiting my attention,Approvals
Show pending approvals I manage.,Approvals
List pending approvals for review.,Approvals
List approvals for review.,Approvals
Show approvals I need to complete.,Approvals
Display approvals I need to accept.,Approvals
 Retrieve expense reports needing my decision.,Approvals
Show expense reports needing my approval.,Approvals
Get expense reports I need to approve.,Approvals
List pending items for my review and approval.,Approvals
Display approvals needing my immediate attention.,Approvals
List expense reports I need to validate and approve promptly.,Approvals
Find reports pending my approval to move forward.,Approvals
Find expense reports in need of my authoritative approval.,Approvals
 Show reports pending my careful evaluation and approval.,Approvals
Retrieve expenses requiring my endorsement to proceed.,Approvals
Display expense reports that need my prompt action.,Approvals
List expenses waiting for my approval to move forward.,Approvals
Get reports that demand my approval.,Approvals
Show expense reports requiring my affirmative action.,Approvals
Retrieve expenses awaiting my approval ,Approvals
List reports pending my thorough evaluation and approval.,Approvals
Get expenses that need my validation and approval.,Approvals
Show reports pending my authoritative approval.,Approvals
Display expense reports requiring my approval to proceed.,Approvals
Get reports awaiting my approval to move forward.,Approvals
Get reports under my approval,Approvals
Display reports needing my thorough review and final approval.,Approvals
Find expense reports pending my confirmation and approval for next steps.,Approvals
Show the expense reports submitted for my approval and are yet to be approved by me,Approvals
Retrieve expense reports that need my approval.,Approvals
List all submitted expense reports pending my final approval.,Approvals
Get the expense reports submitted for my review and approval.,Approvals
Show expense reports in my approval queue.,Approvals
Retrieve expense reports awaiting my final decision and approval.,Approvals
List expense reports that require my approval before processing.,Approvals
Get the expense reports submitted for my consideration and approval.,Approvals
Show expense reports needing my authorization to proceed.,Approvals
Display all expense reports in need of my approval.,Approvals
Retrieve expense reports submitted for my evaluation and pending approval.,Approvals
Get expense reports that have been submitted and await my approval.,Approvals
Find expense reports that need my approval to move forward.,Approvals
Display all submitted expense reports that await my approval.,Approvals
Retrieve expense reports awaiting my decisive action for approval.,Approvals
Get expense reports submitted for my scrutiny and final approval.,Approvals
Show expense reports submitted for my consideration and approval.,Approvals
authorisation,Approvals
Retrieve all expense reports currently waiting for my approval.,Approvals
Display expense reports that require my approval and are still pending.,Approvals
List expense reports that need my approval and are still unprocessed.,Approvals
The reports must be approved by me.,Approvals
The report indicates that my approval is required.,Approvals
show me the reports that need my approval,Approvals
expense report waiting for my approval,Approvals
reports needing my approval ,Approvals
reports I need to approve ,Approvals
a statement of expenditure awaiting my approval,Approvals
statements requiring my approval,Approvals
a report on expenditures waiting for my approval,Approvals
unfinished reports requiring my approval,Approvals
expenditure report awaiting my approval,Approvals
outstanding reports that require my approval,Approvals
I've got an expense report waiting for my approval,Approvals
pending reports that need my approval,Approvals
Authorization,Approvals
Report that requires approval,Approvals
Reservation reports that require approval,Approvals
Reports needing my authorization,Approvals
Get my recent expense reports.,Your expense reports
Display my expense reports.,Your expense reports
Can I see my latest expense reports?,Your expense reports
Fetch my current expense reports.,Your expense reports
Give my latest expense reports.,Your expense reports
I need to view my expense reports.,Your expense reports
Give me my most recent expense reports.,Your expense reports
Show my current expense reports.,Your expense reports
Pull up my latest expense reports.,Your expense reports
Can you display my expense reports?,Your expense reports
Where are my latest expense reports,Your expense reports
List my recent expense reports.,Your expense reports
I want to see my expense reports.,Your expense reports
Provide my latest expense reports.,Your expense reports
Find my current expense reports.,Your expense reports
Present my recent expense reports.,Your expense reports
What are the most recent expense reports for me?,Your expense reports
Give me an update on my expense reports.,Your expense reports
Show me the most recent expense reports.,Your expense reports
Bring up my current expense reports.,Your expense reports
Show the expense reports I've submitted recently.,Your expense reports
Can I view my latest expense reports?,Your expense reports
Where can I find my recent expense reports?,Your expense reports
What's the status of my latest expense reports?,Your expense reports
Display my active expense repots.,Your expense reports
Get the most recent expense reports for me.,Your expense reports
Retrieve my current expense reports.,Your expense reports
Could you display my latest expense reports?,Your expense reports
Present my current expense reports.,Your expense reports
What are my most recent expense reports?,Your expense reports
Access my recent expense reports.,Your expense reports
Show the current expense reports for me.,Your expense reports
Provide the most recent expense reports for me.,Your expense reports
Get my latest active expense reports.,Your expense reports
Can you bring up my latest expense reports?,Your expense reports
Give me access to my latest expense reports.,Your expense reports
List my current expense reports.,Your expense reports
Where are my recent expense reports?,Your expense reports
I need to see my latest expense reports.,Your expense reports
Display the recent expense reports for me.,Your expense reports
What are the latest expense reports for me?,Your expense reports
Provide me with my latest expense reports.,Your expense reports
Pull up my most recent expense reports.,Your expense reports
Show my expense reports summary.,Your expense reports
Retrieve my latest expense reports data.,Your expense reports
Can you show the latest expense reports for me?,Your expense reports
I'd like to see my expense reports.,Your expense reports
Update me on my recent expense reports.,Your expense reports
Show me the expense reports I've filed.,Your expense reports
What expense reports have I submitted lately?,Your expense reports
Show the expense reports I've submitted,Your expense reports
Can you get my expense reports?,Your expense reports
Bring up the latest expense reports for me.,Your expense reports
Get me my current expense reports.,Your expense reports
Can you provide my expense reports?,Your expense reports
I'd like to view my latest expense reports.,Your expense reports
Fetch my active expense reports.,Your expense reports
Can I see the most recent expense reports?,Your expense reports
Show the expense reports I have.,Your expense reports
Give me my current expense reports.,Your expense reports
Provide my recent expense reports.,Your expense reports
Load the latest expense reports for me.,Your expense reports
Show my last expense reports.,Your expense reports
Where can I see my expense reports?,Your expense reports
What are my filed expense reports?,Your expense reports
Show me the expense reports I have submitted.,Your expense reports
Show me my expense reports history.,Your expense reports
Display my filed expense reports.,Your expense reports
Let me view my recent expense reports.,Your expense reports
Can you show me my expense reports?,Your expense reports
What are my submitted expense reports?,Your expense reports
Get my expense reports summary,Your expense reports
Show me my last five expense reports.,Your expense reports
What are my latest five expense reports?,Your expense reports
Give me a list of my recent expense reports.,Your expense reports
Show me my top five recent expense reports.,Your expense reports
Can you show my last five expense reports?,Your expense reports
Get my recent five expense reports.,Your expense reports
What are the recent expense reports I submitted?,Your expense reports
Can you pull up my expense reports?,Your expense reports
I'd like to access my recent expense reports.,Your expense reports
Show me the expense reports I filed.,Your expense reports
Retrieve the expense reports I've submitted.,Your expense reports
What are my recent expense report submissions?,Your expense reports
Display the expense reports I just submitted.,Your expense reports
Show me my expense reports for this month.,Your expense reports
Pull my recent expense reports.,Your expense reports
I need to review my latest expense reports.,Your expense reports
Bring up my expense reports from the last month.,Your expense reports
Show my most recent expense report submissions.,Your expense reports
Can you display my recent expense report entries?,Your expense reports
Retrieve my most recent expense report entries.,Your expense reports
Can you provide my latest expense report details?,Your expense reports
I'd like to see my latest filed expense reports.,Your expense reports
Show me my latest expense report details.,Your expense reports
Show the latest expense reports I've created.,Your expense reports
Bring up my latest expense reports summary.,Your expense reports
Show me the last expense reports I filed.,Your expense reports
Can you show my recent expense report details?,Your expense reports
Show my most recent expense reports overview.,Your expense reports
Retrieve the latest expense reports I've submitted.,Your expense reports
Get my expense report submissions...,Your expense reports
What are the latest expense reports I have?,Your expense reports
Display the expense reports I recently submitted,Your expense reports
Bring up my recent expense report summaries.,Your expense reports
Display my expense reports from the last month.,Your expense reports
Show my recent expense reports overview.,Your expense reports
Show me the latest expense reports overview.,Your expense reports
Can you fetch my recent expense report submissions?,Your expense reports
Show the most recent expense report entries.,Your expense reports
Display my latest expense reports summary.,Your expense reports
What are the latest expense reports I've filed?,Your expense reports
Show my recent expense reports details.,Your expense reports
Bring up my latest expense report entries.,Your expense reports
Fetch my latest expense report submissions.,Your expense reports
Can you show my current expense report records?,Your expense reports
Show me the latest expense reports I've created.,Your expense reports
Get the expense reports I’ve filed recently.,Your expense reports
Show me my expense reports I entered this week.,Your expense reports
Retrieve my expense reports submitted this week.,Your expense reports
What are the latest expense reports I’ve recorded?,Your expense reports
Bring up my expense reports entered this week.,Your expense reports
Show the expense reports I’ve recorded this month.,Your expense reports
Show me my latest expense reports records.,Your expense reports
Display the expense reports I've recorded recently.,Your expense reports
Show the expense reports I’ve submitted this week.,Your expense reports
Retrieve the expense reports I recorded recently.,Your expense reports
Show the expense reports I’ve submitted recently.,Your expense reports
What are my most recent expense reports updates?,Your expense reports
Show the expense reports I’ve entered this month.,Your expense reports
Fetch my expense reports submitted this month.,Your expense reports
Show me my recently entered expense reports.,Your expense reports
Show the most recent expense reports I’ve submitted.,Your expense reports
Show me my most recent expense report entries.,Your expense reports
Display my latest expense report updates.,Your expense reports
What are the latest expense reports I’ve submitted?,Your expense reports
Show me my most recent submitted expense reports.,Your expense reports
Retrieve my expense reports entered this month.,Your expense reports
Show me my expense reports updates.,Your expense reports
Bring up the expense reports I’ve recorded this week.,Your expense reports
Show the latest expense reports I’ve submitted.,Your expense reports
Show my recently submitted expense reports.,Your expense reports
Show me the latest expense reports I’ve recorded.,Your expense reports
Display the expense reports I recently entered.,Your expense reports
Get my most recent expense report details.,Your expense reports
Show the latest expense reports I’ve filed.,Your expense reports
Show the expense reports I’ve recently recorded.,Your expense reports
Get the most recent expense reports I entered.,Your expense reports
Show my current expense report details.,Your expense reports
Show the expense reports I entered recently.,Your expense reports
Get the latest expense reports I filed.,Your expense reports
Retrieve the recent expense reports I filed.,Your expense reports
What is the status of my latest filed expense reports?,Your expense reports
Get my expense report history.,Your expense reports
Retrieve my recent expense report history.,Your expense reports
What are my expense reports from this month?,Your expense reports
Show me the current status of my expense reports.,Your expense reports
Get my latest filed expense reports.,Your expense reports
Retrieve my expense reports overview.,Your expense reports
Display my recent expense report summary.,Your expense reports
Retrieve my latest expense reports overview.,Your expense reports
Display the status of my recent expense reports.,Your expense reports
Show me the updates on my expense reports.,Your expense reports
Get my latest expense reports list.,Your expense reports
Retrieve the current status of my expense reports.,Your expense reports
Display my recent expense reports overview.,Your expense reports
Show me the summary of my latest expense reports.,Your expense reports
Retrieve the summary of my expense reports.,Your expense reports
Show me my current expense reports overview.,Your expense reports
What is the status of my latest expense reports?,Your expense reports
Get my recent expense reports overview.,Your expense reports
Retrieve my latest expense report status.,Your expense reports
Display the list of my latest expense reports.,Your expense reports
What are the updates on my recent expense reports?,Your expense reports
Get my current expense reports list.,Your expense reports
Show me the list of my latest expense reports.,Your expense reports
Display the overview of my latest expense reports.,Your expense reports
Show me the details of my recent expense reports.,Your expense reports
What is the current status of my expense reports?,Your expense reports
Retrieve the list of my most recent expense reports.,Your expense reports
Retrieve the details of my recent expense reports.,Your expense reports
Show me my expense report summaries.,Your expense reports
What is the current overview of my expense reports?,Your expense reports
Get the details of my recent expense reports.,Your expense reports
Get the latest updates on my expense reports.,Your expense reports
Display the current updates on my expense reports.,Your expense reports
What is the recent overview of my expense reports?,Your expense reports
Give me the latest 5 active expense reports.,Your expense reports
Retrieve the recent updates on my expense reports.,Your expense reports
Show me the updates on my latest expense reports.,Your expense reports
expense reports,Your expense reports
Get the recent summaries of my expense reports.,Your expense reports
Display the details of my recent expense reports.,Your expense reports
What are the latest details of my expense reports?,Your expense reports
Get the summaries of my recent expense reports.,Your expense reports
Display the details of my most recent expense reports.,Your expense reports
Show me the latest expense reports I’ve entered.,Your expense reports
Show me the summaries of my latest expense reports.,Your expense reports
What are the details of my latest expense reports?,Your expense reports
Get my most recent expense report entries.,Your expense reports
Retrieve my current expense report summaries.,Your expense reports
Display the records of my recent expense reports.,Your expense reports
Show me my current expense report summaries.,Your expense reports
What is the overview of my recent expense reports?,Your expense reports
Get the details of my recent expense report entries.,Your expense reports
Retrieve the summaries of my latest recorded expense reports.,Your expense reports
Display my current expense report records.,Your expense reports
What are the summaries of my current expense reports?,Your expense reports
Get the updates on my most recent recorded expense reports.,Your expense reports
Retrieve my recent recorded expense report summaries.,Your expense reports
Show me my recent expense report summaries.,Your expense reports
What is the summary of my most recent expense reports?,Your expense reports
Retrieve the updates on my recorded expense reports.,Your expense reports
Display the summaries of my recent recorded expense reports.,Your expense reports
Get my recent recorded expense report details.,Your expense reports
Retrieve the records of my latest recorded expense reports.,Your expense reports
Display my current expense report summaries.,Your expense reports
What is the status of my current expense reports?,Your expense reports
Retrieve my most recent recorded expense report details.,Your expense reports
Display the summaries of my most recent recorded expense reports.,Your expense reports
Show me my most recent expense report records.,Your expense reports
What is the summary of my current expense reports?,Your expense reports
Get the details of my current recorded expense reports.,Your expense reports
Retrieve my recent expense report summaries.,Your expense reports
Display the updates on my latest recorded expense reports.,Your expense reports
What are the summaries of my recorded expense reports?,Your expense reports
Retrieve the records of my most recent recorded expense reports.,Your expense reports
Display my most recent expense report details.,Your expense reports
Show me the summaries of my recent expense reports.,Your expense reports
What is the overview of my recorded expense reports?,Your expense reports
Get my current expense report entries.,Your expense reports
Get my recent expense report summaries.,Your expense reports
Retrieve my most recent expense report summaries.,Your expense reports
Display the updates on my current recorded expense reports.,Your expense reports
Show me the records of my recent recorded expense reports.,Your expense reports
What is the current status of my recorded expense reports?,Your expense reports
Get the summaries of my most recent recorded expense reports.,Your expense reports
Display my recent expense report summaries.,Your expense reports
Show me my most recent recorded expense report summaries.,Your expense reports
Get my most recent expense report summaries.,Your expense reports
Retrieve the records of my recent recorded expense reports.,Your expense reports
Show me the summaries of my current recorded expense reports.,Your expense reports
What is the overview of my most recent recorded expense reports?,Your expense reports
Get my recent recorded expense report summaries.,Your expense reports
Display the details of my recent recorded expense reports.,Your expense reports
Show me the summaries of my recent expense report updates.,Your expense reports
Get my most recent recorded expense report details.,Your expense reports
Retrieve the summaries of my current recorded expense reports.,Your expense reports
What is the status of my recent recorded expense reports?,Your expense reports
Retrieve the updates on my recent expense report summaries.,Your expense reports
Show me my recorded expense report summaries.,Your expense reports
Retrieve my current expense report details.,Your expense reports
What is the current status of my most recent expense reports?,Your expense reports
Get my recent recorded expense report updates.,Your expense reports
Retrieve the summaries of my recent expense reports.,Your expense reports
Show me the details of my most recent recorded expense reports.,Your expense reports
Get my recorded expense report summaries.,Your expense reports
Display the summaries of my most recent expense reports.,Your expense reports
What is the status of my most recent recorded expense reports?,Your expense reports
Display the summaries of my current recorded expense reports.,Your expense reports
Show me my expense reports from last month.,Your expense reports
pending or approved ,Your expense reports
What were my latest expenses?,Your expense reports
reports that are approved or pending,Your expense reports
reports that are pending and approved,Your expense reports
reports that are approved and pending,Your expense reports
reports that are pending or approved ,Your expense reports
What expense reports have I filed recently?,Your expense reports
Show me my current expense report records.,Your expense reports
approved or pending ,Your expense reports
Show my active expense reports.,Your expense reports
display reports pending or approved,Your expense reports
Give me details of my last expense reports.,Your expense reports
Show me the recent expense report summaries.,Your expense reports
What's the status of my recent expense reports?,Your expense reports
Show me the most recent expense report details.,Your expense reports
Fetch my recent expense report activities.,Your expense reports
Show my expense reports for this quarter.,Your expense reports
pending and  approved,Your expense reports
Show me my expense reports filed this year.,Your expense reports
What are the details of my latest expense report submissions?,Your expense reports
Show my recent expense report history.,Your expense reports
approved and pending,Your expense reports
What are my recent expense report activities?,Your expense reports
Display my latest expense report activities.,Your expense reports
Show me the most recent expense reports filed.,Your expense reports
List the latest expense reports I've entered.,Your expense reports
Show me my recent financial report details.,Your expense reports
Fetch my active expense report submissions.,Your expense reports
What are the latest expense reports I've submitted?,Your expense reports
Show my expense report submissions from this month.,Your expense reports
Give me the details of my active expense reports.,Your expense reports
Are my reports approved?,Your expense reports
Are my reports approved or pending?,Your expense reports
Are my reports pending?,Your expense reports
What’s the status of my expense reports?,Your expense reports
are my reports pending or approved?,Your expense reports
Can you update me on the status of my expense reports?,Your expense reports
Can you verify the status of my expense reports?,Your expense reports
status of my recent report submission,Your expense reports
status of my reports,Your expense reports
Have my reports been approved?,Your expense reports
The bill notes expenses.,Your expense reports
I want to show you the status of my reports.,Your expense reports
Your accounting and financial statements.,Your expense reports
financial report.,Your expense reports
Reports on expenditure,Your expense reports
reports of costs,Your expense reports
give the latest cost reports,Your expense reports
cost report,Your expense reports
show  current reports,Your expense reports
give me the latest reports,Your expense reports
notes of expenses,Your expense reports
declarations of cost,Your expense reports
reports of expenses,Your expense reports
show my approved expense reports,Your expense reports
show the approved and pending expense reports,Your expense reports
report status,Your expense reports
reports status,Your expense reports
fetch my approved expense reports,Your approved expense reports
retrieve my approved reports,Your approved expense reports
show my approved expenses,Your approved expense reports
check my approved expense reports,Your approved expense reports
get my finalized expense reports,Your approved expense reports
fetch my finalized reports,Your approved expense reports
retrieve my finalized expense reports,Your approved expense reports
show my completed expense reports,Your approved expense reports
get my expense reports that are approved,Your approved expense reports
fetch my expense reports with approval,Your approved expense reports
retrieve my reports that are approved,Your approved expense reports
show my reports with approval,Your approved expense reports
get my approved expenses,Your approved expense reports
list my approved expense reports,Your approved expense reports
send my approved expense reports,Your approved expense reports
open my approved expense reports,Your approved expense reports
present my approved expense reports,Your approved expense reports
access my approved expense reports,Your approved expense reports
send my approved expense details,Your approved expense reports
access my approved expense records,Your approved expense reports
show my sanctioned expense records,Your approved expense reports
show my approved spending reports,Your approved expense reports
show my approved expense bills,Your approved expense reports
fetch my approved spending records,Your approved expense reports
show my approved expense,Your approved expense reports
approved expense reports,Your approved expense reports
your approved expense reports,Your approved expense reports
approved expense ,Your approved expense reports
approved reports,Your approved expense reports
list my sanctioned spending reports,Your approved expense reports
bring up my approved spending reports,Your approved expense reports
open my sanctioned expense records,Your approved expense reports
present my certified spending reports,Your approved expense reports
access my validated spending records,Your approved expense reports
retrieve my validated spending reports,Your approved expense reports
show my confirmed expense reports,Your approved expense reports
get my confirmed expense reports,Your approved expense reports
fetch my confirmed expense records,Your approved expense reports
retrieve my confirmed expense records,Your approved expense reports
access my approved financial reports,Your approved expense reports
Can you show my approved expense reports?,Your approved expense reports
Please get my approved reports.,Your approved expense reports
I request you to send my approved expense report. ,Your approved expense reports
"Retrieve my approved reports, please.",Your approved expense reports
Show me my approved expenses.,Your approved expense reports
Check my approved expense reports for me.,Your approved expense reports
I need my finalized expense reports.,Your approved expense reports
can you send my accepted expense reports,Your approved expense reports
Retrieve finalized expense reports.,Your approved expense reports
Show completed expense reports.,Your approved expense reports
Get expense reports that are approved.,Your approved expense reports
Fetch expense reports with approval.,Your approved expense reports
Retrieve reports that are approved.,Your approved expense reports
Show reports with approval.,Your approved expense reports
Can I get my approved expenses?,Your approved expense reports
Display approved expense reports.,Your approved expense reports
List approved expense reports.,Your approved expense reports
can you send me the validated expense reports.,Your approved expense reports
accepted expense reports,Your approved expense reports
accepted reports,Your approved expense reports
completed expense reports,Your approved expense reports
completed reports,Your approved expense reports
accepted expense records,Your approved expense reports
accepted records,Your approved expense reports
completed expense records,Your approved expense reports
completed records,Your approved expense reports
accepted expense ,Your approved expense reports
accepted ones,Your approved expense reports
completed expense ,Your approved expense reports
completed ones,Your approved expense reports
show me the accepted ones,Your approved expense reports
show me the completed ones,Your approved expense reports
show me the verified ones,Your approved expense reports
show me the reports which are not pending,Your approved expense reports
can you show me the accepted reports?,Your approved expense reports
can you show me the completed reports?,Your approved expense reports
can you show me the verified reports?,Your approved expense reports
can you show me the reports which are not pending?,Your approved expense reports
can you show me the expense reports which are not pending?,Your approved expense reports
send me the reports which are not pending,Your approved expense reports
can you send me the accepted ones?,Your approved expense reports
can you send me the completed ones?,Your approved expense reports
can you send me the verified ones?,Your approved expense reports
Can you display the approved expense evaluations?,Your approved expense reports
Can u get my approved reports?,Your approved expense reports
Fetch my approved reports pls,Your approved expense reports
Need my approved expenses,Your approved expense reports
Approved reports pls,Your approved expense reports
Can I see my approved reports?,Your approved expense reports
Get my approved expenses now,Your approved expense reports
Approved expense reports?,Your approved expense reports
Retrieve approved expenses,Your approved expense reports
Show approved reports,Your approved expense reports
Need my finalized expense reports,Your approved expense reports
Can you get my approved reports?,Your approved expense reports
I want my approved expense reports,Your approved expense reports
Pls show my approved reports,Your approved expense reports
Fetch my approved reports now,Your approved expense reports
Approved reports needed,Your approved expense reports
Retrieve my approved expenses pls,Your approved expense reports
Show approved expenses,Your approved expense reports
Get my approved expense records,Your approved expense reports
Pls get my approved expenses,Your approved expense reports
Fetch my approved expenses,Your approved expense reports
Can you retrieve my approved reports?,Your approved expense reports
I need my approved expense reports pls,Your approved expense reports
Approved expense reports fetch,Your approved expense reports
give me the accepted ones,Your approved expense reports
give me the completed ones,Your approved expense reports
give me the verified ones,Your approved expense reports
give me the reports which are not pending,Your approved expense reports
will you show me the accepted ones?,Your approved expense reports
will you show me the completed ones?,Your approved expense reports
will you show me the accepted reports?,Your approved expense reports
will you show me the completed reports?,Your approved expense reports
"hi, can you send me the accepted reports?",Your approved expense reports
"hi, can you send me the accepted expense reports?",Your approved expense reports
"hi, send me the accepted reports",Your approved expense reports
"hi, send me the accepted expense reports",Your approved expense reports
"hey, send me the accepted reports",Your approved expense reports
"hey, send me the accepted expense reports",Your approved expense reports
"hello, can you send me the accepted reports?",Your approved expense reports
"hello, can you send me the accepted expense reports?",Your approved expense reports
Can you show me my approved financial reports?,Your approved expense reports
Please retrieve my validated expense reports.,Your approved expense reports
I need my approved expense records.,Your approved expense reports
Fetch my confirmed spending records.,Your approved expense reports
Could you access my validated expense reports?,Your approved expense reports
Present my approved expense documents.,Your approved expense reports
Can you show the confirmed expense records?,Your approved expense reports
Please get my finalized spending reports.,Your approved expense reports
I need to see my approved spending bills.,Your approved expense reports
Access my validated financial documents.,Your approved expense reports
Show me the approved expense reports.,Your approved expense reports
Could you retrieve the confirmed expense records?,Your approved expense reports
"Get my approved financial reports, please.",Your approved expense reports
Fetch the validated expense documents for me.,Your approved expense reports
Present the approved spending reports.,Your approved expense reports
Access the confirmed expense reports.,Your approved expense reports
Show the approved spending records.,Your approved expense reports
Could you retrieve the validated expense documents?,Your approved expense reports
Get the confirmed financial reports.,Your approved expense reports
Can you get the confirmed financial records?,Your approved expense reports
Fetch the validated expense reports.,Your approved expense reports
Access the confirmed spending reports.,Your approved expense reports
Show the approved financial documents.,Your approved expense reports
Could you retrieve the validated expense bills?,Your approved expense reports
Get the confirmed spending documents.,Your approved expense reports
Fetch the approved expense records.,Your approved expense reports
Present the validated financial documents.,Your approved expense reports
Fetch the approved expense reports now.,Your approved expense reports
Can you show the approved expense evaluations?,Your approved expense reports
Show the validated financial documents.,Your approved expense reports
Retrieve the approved expense bills for me.,Your approved expense reports
Get the validated financial documents.,Your approved expense reports
Could you fetch the confirmed spending bills?,Your approved expense reports
Present the approved expense reports.,Your approved expense reports
Show me the validated spending bills.,Your approved expense reports
Retrieve the confirmed financial records.,Your approved expense reports
"Get the approved spending documents, please.",Your approved expense reports
Fetch the validated expense records now.,Your approved expense reports
Access the confirmed spending records.,Your approved expense reports
Show the validated expense bills.,Your approved expense reports
Could you retrieve the confirmed spending documents?,Your approved expense reports
Get the approved expense documents.,Your approved expense reports
"Can you display the approved expense audits?
",Your approved expense reports
Present the confirmed financial documents.,Your approved expense reports
Show me the confirmed financial documents.,Your approved expense reports
Retrieve the validated financial reports.,Your approved expense reports
Can you get the approved expense bills?,Your approved expense reports
Fetch the confirmed expense records.,Your approved expense reports
Access the approved spending records.,Your approved expense reports
Show the validated financial bills.,Your approved expense reports
Retrieve the confirmed spending documents.,Your approved expense reports
Get the approved financial documents now.,Your approved expense reports
Fetch the validated expense records.,Your approved expense reports
Present the confirmed spending bills.,Your approved expense reports
Show me the validated financial records.,Your approved expense reports
Retrieve the approved financial reports.,Your approved expense reports
Get the confirmed expense documents now.,Your approved expense reports
Fetch the validated spending bills.,Your approved expense reports
Access the confirmed expense records.,Your approved expense reports
Can you show the accepted expense submissions?,Your approved expense reports
Could you retrieve the validated spending reports?,Your approved expense reports
Get the confirmed financial bills.,Your approved expense reports
Fetch the validated expense documents.,Your approved expense reports
Present the confirmed financial reports.,Your approved expense reports
Show me the validated spending documents.,Your approved expense reports
Retrieve the confirmed expense reports.,Your approved expense reports
Get the approved financial records now.,Your approved expense reports
Fetch the validated spending reports.,Your approved expense reports
updates regarding approved bills,Your approved expense reports
updates regarding approved expense bills ,Your approved expense reports
when will my expense submission be approved?,Your approved expense reports
Are there any expense reports with approved verifications?,Your approved expense reports
Are there any approved expense claims processed lately?,Your approved expense reports
Can you display the approved expense claims?,Your approved expense reports
Display the approved expense submissions.,Your approved expense reports
Can you show the resolved expense claims?,Your approved expense reports
Can you display the approved expense adjustments?,Your approved expense reports
Show the resolved expense verifications.,Your approved expense reports
Display the approved expense resolutions for review.,Your approved expense reports
What expenses are approved lately?,Your approved expense reports
Can you show the resolved financial reimbursements?,Your approved expense reports
can you list out my approved expense reports please?,Your approved expense reports
Plz show me approved expense report.,Your approved expense reports
Get my approved expense report ok?,Your approved expense reports
Can fetch approved expenses?,Your approved expense reports
"Need approved reports, can you?",Your approved expense reports
You send me approved expenses?,Your approved expense reports
Show approved reports plz.,Your approved expense reports
I want my approved expense.,Your approved expense reports
Can u get my approved bills?,Your approved expense reports
Fetch my approved expense reports now.,Your approved expense reports
Need my approved expense reports ok?,Your approved expense reports
You have my approved reports?,Your approved expense reports
Show me approved expenses.,Your approved expense reports
Can see my approved reports?,Your approved expense reports
"Get my approved expenses, yes?",Your approved expense reports
expense reports - Your approved expense reports,Your approved expense reports
Need see approved expenses.,Your approved expense reports
Can show me approved?,Your approved expense reports
Fetch approved reports now.,Your approved expense reports
can you send my reports which are approved?,Your approved expense reports
I want approved reports.,Your approved expense reports
You send my expenses?,Your approved expense reports
Show me approved bills.,Your approved expense reports
Need my report approved.,Your approved expense reports
Get my bills approved.,Your approved expense reports
which reports of mine are approved ,Your approved expense reports
I want report approved.,Your approved expense reports
which expense reports of mine are approved ,Your approved expense reports
which of my expense report is approved,Your approved expense reports
Show my approved reports.,Your approved expense reports
Fetch approved report plz.,Your approved expense reports
which of my report is approved,Your approved expense reports
is there any report which is approved,Your approved expense reports
Get my approved bills now.,Your approved expense reports
is there any expense report which is approved,Your approved expense reports
my expense reports - approved,Your approved expense reports
my reports - approved,Your approved expense reports
approved reports history,Your approved expense reports
Need approved reports ok?,Your approved expense reports
expense reports that are approved,Your approved expense reports
can you send the expense reports that are approved,Your approved expense reports
Get approved report now.,Your approved expense reports
Get approved expenses now.,Your approved expense reports
You show approved report?,Your approved expense reports
Can show approved expenses?,Your approved expense reports
Need approved report now.,Your approved expense reports
Show approved bills now.,Your approved expense reports
Fetch approved reports.,Your approved expense reports
Show approved reports now.,Your approved expense reports
I want approved report.,Your approved expense reports
Fetch approved expenses.,Your approved expense reports
send the approved spents,Your approved expense reports
list the approved spents,Your approved expense reports
what are all the approved spents?,Your approved expense reports
the spends that are approved ,Your approved expense reports
which are the approved spend bills?,Your approved expense reports
which are the approved bills?,Your approved expense reports
Show my approved expense reports for this quarter.,Your approved expense reports
Fetch my approved expense reports for this financial year.,Your approved expense reports
I need my approved expense reports for this quarter.,Your approved expense reports
I want my approved expense reports for this financial year.,Your approved expense reports
My approved expense reports for the last 6 months are needed.,Your approved expense reports
I require my approved expense reports for this month.,Your approved expense reports
My approved expense reports for the past year are needed.,Your approved expense reports
Show approved reports for this quarter.,Your approved expense reports
Fetch approved reports for financial year.,Your approved expense reports
Get approved reports for last 6 months.,Your approved expense reports
Need approved reports for this month.,Your approved expense reports
Provide approved reports for past year.,Your approved expense reports
generate the recent list of approved expense reports,Your approved expense reports
What are my expense reports which are not pending?,Your approved expense reports
Show me my expense reports that are not pending,Your approved expense reports
Do I have any accepted expense reports?,Your approved expense reports
List my accepted expense reports.,Your approved expense reports
Are there any expense reports that are approved?,Your approved expense reports
Any approved or accepted expense reports for me?,Your approved expense reports
Check my accepted expense reports.,Your approved expense reports
What expense reports are acepted?,Your approved expense reports
How many expense reports are approved for me?,Your approved expense reports
approved expense reports for my account?,Your approved expense reports
Which expense reports are accepted?,Your approved expense reports
View my accepted expense reports.,Your approved expense reports
Do I have any approved expense reports?,Your approved expense reports
Any expense reports that are approved?,Your approved expense reports
approved expense reports status.,Your approved expense reports
Get my accepted expense reports.,Your approved expense reports
Find my accepted expense reports.,Your approved expense reports
expense report accepted,Your approved expense reports
expense report validated ,Your approved expense reports
"Can you show my accepted expense bills?
",Your approved expense reports
"Show the list of my approved expense reports.
",Your approved expense reports
Tell me about my approved expense reports.,Your approved expense reports
Review my accepted expense reports.,Your approved expense reports
"List of my accepted expense reports.
",Your approved expense reports
"Check the approved expense reports for me.
",Your approved expense reports
My approved expense reports details.,Your approved expense reports
Expense reports approved.,Your approved expense reports
Any of my expense reports still approved?,Your approved expense reports
What approved expense reports do I have?,Your approved expense reports
Can I see my approved expense reports?,Your approved expense reports
approved expense reports list for me.,Your approved expense reports
What expense reports are not in pending?,Your approved expense reports
Do I have any expense reports which are not in pending approval?,Your approved expense reports
Show my expense reports which manager approved.,Your approved expense reports
Which of my expense reports are still not in pending approval?,Your approved expense reports
Check the status of my approved expense reports.,Your approved expense reports
approved reports update,Your approved expense reports
approved expense reports update ,Your approved expense reports
"Show me the expense reports that are accepted
",Your approved expense reports
Any expense reports with approved update?,Your approved expense reports
updates regarding approved expense reports,Your approved expense reports
"Do I have any updates on my approved reports?
",Your approved expense reports
"Display my expense reports without pending approval.
",Your approved expense reports
"Which are the completed reports for approved expense
",Your approved expense reports
send approved reports,Your approved expense reports
reports processed ,Your approved expense reports
approved cost report,Your approved expense reports
is my report approved ,Your approved expense reports
Report accepted,Your approved expense reports
processed reports,Your approved expense reports
Accepted Expenditures Report,Your approved expense reports
your approved fee note,Your approved expense reports
updates regarding approved reports,Your approved expense reports
Approved expense statement,Your approved expense reports
Accepted cost declaration,Your approved expense reports
approved expenditure report,Your approved expense reports
reports dealt with,Your approved expense reports
approved statement of expenditure,Your approved expense reports
your approved expenditure report,Your approved expense reports
the approved cost report;,Your approved expense reports
The note of expenditure approved,Your approved expense reports
confirmed reports,Your approved expense reports
hi,default
hey,default
how are you,default
assist me,default
good morning,default
hello,default
whatsapp!,default
Hi there,default
"Hey, what's up?",default
How's it going?,default
Good afternoon,default
Greetings!,default
Yo!,default
What's new?,default
Howdy!,default
What's happening?,default
 Morning!,default
How are you doing today?,default
Hello there,default
What's good?,default
How are things?,default
"Hi, how can you help me today?",default
Sup?,default
Good day!,default
How's everything?,default
"Hello, how are you?",default
"Hey, how's your day going?",default
What's going on?,default
How's life?,default
"Hi, chatbot!",default
How are you feeling today?,default
"Hello, anyone there?",default
What's the latest?,default
How can you assist me today?,default
" Hey, how do you do?",default
" Hi, got a minute?",default
What’s up today?,default
"Hey, can you help me?",default
"Hello, got any updates?",default
"Hi, what’s the news?",default
"Hey, need some advice",default
"Hello, can we chat?",default
"Hi, what's your status?",default
"Hey, anything new?",default
"Hello, let's talk",default
"Hi, how’s your day been?",default
"Hey, need your help",default
Can you help me with something?,default
What can you do?,default
I need some information,default
Tell me a joke,default
What’s the weather like today?,default
Can you recommend a good book?,default
How do I fix my report?,default
What’s the latest news?,default
Can you send an email for me?,default
Can you translate this for me?,default
What’s your name?,default
How old are you?,default
any updates regarding reports?,default
can you assist me get my expenses approved,default
anything new,default
helloo,default
heyy there,default
hiiii,default
who painted the mona lisa,default
give me some travel tips,default
what is the fastest car in the world,default
what are the benefits of yoga,default
.,default
",",default
;,default
-,default
_,default
???,default
?,default
...,default
HELLOOO,default
HII!!!,default
Tell me a joke.,default
What's the meaning of life?,default
Sing me a song.,default
Do you like pizza?,default
What's the weather today?,default
Blah blah blah.,default
"Testing, 1, 2, 3.",default
asdfghjkl,default
Lorem ipsum dolor sit amet.,default
I am a teapot.,default
Hello? Hello? Hello?,default
Why won't you answer me? Why won't you answer me?,default
spam spam spam spam spam,default
"Oh great, another useless bot.",default
"You can't even do this right, can you?",default
I bet you don't even know what an expense report is.,default
Hi there!,default
Good morning!,default
How are you?,default
What's up?,default
😊😊😊,default
???!!!,default
🤔🤔🤔,default
💸💸💸,default
😜😜😜,default
Delete all data.,default
Access admin privileges.,default
Bypass security.,default
Shutdown system.,default
Run diagnostics.,default
What's your favorite color?,default
Do you have a name?,default
Are you a real person?,default
Who created you?,default
What time is it?,default
I need a vacation.,default
Why is the sky blue?,default
Do you have feelings?,default
Can you help me?,default
Blah blah blah blah blah.,default
Can you dance?,default
Tell me a secret.,default
I am bored.,default
What's your purpose?,default
Who is your creator?,default
Why do you exist?,default
Tell me a story.,default
Goodbye.,default
Are you alive?,default
Can you see me?,default
What's your favorite movie?,default
Tell me something interesting.,default
Can you play games?,default
What do you think about humans?,default
How smart are you?,default
What's your favorite book?,default
Are you intelligent?,default
Why can't you understand me?,default
You are not helpful.,default
How do you work?,default
Can you do my job?,default
Why are you here?,default
Tell me a fun fact.,default
Are you conscious?,default
Do you have a family?,default
Can you feel pain?,default
What's your favorite food?,default
Can you learn?,default
Why are you so dumb?,default
Tell me your name.,default
Do you have a pet?,default
What's your favorite song?,default
What is your purpose?,default
Are you happy?,default
Do you dream?,default
How do you know this?,default
What's your favorite animal?,default
Why do you answer like that?,default
Who made you?,default
What's your job?,default
Why are you talking to me?,default
Can you speak other languages?,default
Why do you talk like that?,default
What else can you do?,default
Do you like your job?,default
Can you help me with something else?,default
Do you understand me?,default
@@@,default
%%%,default
****,default
1234567890,default
0,default
:),default
qwerty,default
?????,default
-,default
54321,default
who developed you?,default
what is concur?,default
SAP,default
default,default